,Steps_Ahead,RMSE_SARIMA,RMSE_SARIMA_Holidays,RMSE_SARIMA_X_All
0,1,757.55,642.8313264157767,682.4042353672273
1,2,908.6285530775901,790.9059201807099,797.1545819257123
2,3,977.5401734237555,845.4694288092514,849.1903336729258
3,4,1033.0329865452568,891.5850581615784,899.6945780101106
4,5,1031.4428737990934,911.9254355945725,916.469185735745
5,6,1097.4260720939576,908.7317519158102,915.3558157110647
6,7,1107.7814515743478,926.3782176729541,935.6727635893868
